-- 웨딩 플래너 더미 데이터 (dtype = 'planner')
INSERT INTO users (username, email, password, grade, is_deleted, deleted_at, upgrade_at, file_name, file_url,
                   created_at, last_modified_at, dtype)
VALUES ('Planner01', 'planner01@example.com', 'password01', 'NORMAL', false, NULL, NULL, NULL, NULL, NOW(), NOW(),
        'planner'),
       ('Planner02', 'planner02@example.com', 'password02', 'NORMAL', false, NULL, NULL, NULL, NULL, NOW(), NOW(),
        'planner'),
       ('Planner03', 'planner03@example.com', 'password03', 'NORMAL', false, NULL, NULL, NULL, NULL, NOW(), NOW(),
        'planner'),
       ('Planner04', 'planner04@example.com', 'password04', 'NORMAL', false, NULL, NULL, NULL, NULL, NOW(), NOW(),
        'planner'),
       ('Planner05', 'planner05@example.com', 'password05', 'NORMAL', false, NULL, NULL, NULL, NULL, NOW(), NOW(),
        'planner'),
       ('Planner06', 'planner06@example.com', 'password06', 'NORMAL', false, NULL, NULL, NULL, NULL, NOW(), NOW(),
        'planner'),
       ('Planner07', 'planner07@example.com', 'password07', 'NORMAL', false, NULL, NULL, NULL, NULL, NOW(), NOW(),
        'planner'),
       ('Planner08', 'planner08@example.com', 'password08', 'NORMAL', false, NULL, NULL, NULL, NULL, NOW(), NOW(),
        'planner'),
       ('Planner09', 'planner09@example.com', 'password09', 'NORMAL', false, NULL, NULL, NULL, NULL, NOW(), NOW(),
        'planner'),
       ('Planner10', 'planner10@example.com', 'password10', 'NORMAL', false, NULL, NULL, NULL, NULL, NOW(), NOW(),
        'planner'),
       ('Planner11', 'planner11@example.com', 'password11', 'NORMAL', false, NULL, NULL, NULL, NULL, NOW(), NOW(),
        'planner'),
       ('Planner12', 'planner12@example.com', 'password12', 'NORMAL', false, NULL, NULL, NULL, NULL, NOW(), NOW(),
        'planner'),
       ('Planner13', 'planner13@example.com', 'password13', 'NORMAL', false, NULL, NULL, NULL, NULL, NOW(), NOW(),
        'planner'),
       ('Planner14', 'planner14@example.com', 'password14', 'NORMAL', false, NULL, NULL, NULL, NULL, NOW(), NOW(),
        'planner'),
       ('Planner15', 'planner15@example.com', 'password15', 'NORMAL', false, NULL, NULL, NULL, NULL, NOW(), NOW(),
        'planner'),
       ('Planner16', 'planner16@example.com', 'password16', 'NORMAL', false, NULL, NULL, NULL, NULL, NOW(), NOW(),
        'planner'),
       ('Planner17', 'planner17@example.com', 'password17', 'NORMAL', false, NULL, NULL, NULL, NULL, NOW(), NOW(),
        'planner'),
       ('Planner18', 'planner18@example.com', 'password18', 'NORMAL', false, NULL, NULL, NULL, NULL, NOW(), NOW(),
        'planner'),
       ('Planner19', 'planner19@example.com', 'password19', 'NORMAL', false, NULL, NULL, NULL, NULL, NOW(), NOW(),
        'planner'),
       ('Planner20', 'planner20@example.com', 'password20', 'NORMAL', false, NULL, NULL, NULL, NULL, NOW(), NOW(),
        'planner'),
       ('Planner21', 'planner21@example.com', 'password21', 'NORMAL', false, NULL, NULL, NULL, NULL, NOW(), NOW(),
        'planner'),
       ('Planner22', 'planner22@example.com', 'password22', 'NORMAL', false, NULL, NULL, NULL, NULL, NOW(), NOW(),
        'planner'),
       ('Planner23', 'planner23@example.com', 'password23', 'NORMAL', false, NULL, NULL, NULL, NULL, NOW(), NOW(),
        'planner'),
       ('Planner24', 'planner24@example.com', 'password24', 'NORMAL', false, NULL, NULL, NULL, NULL, NOW(), NOW(),
        'planner'),
       ('Planner25', 'planner25@example.com', 'password25', 'NORMAL', false, NULL, NULL, NULL, NULL, NOW(), NOW(),
        'planner'),
       ('Planner26', 'planner26@example.com', 'password26', 'NORMAL', false, NULL, NULL, NULL, NULL, NOW(), NOW(),
        'planner'),
       ('Planner27', 'planner27@example.com', 'password27', 'NORMAL', false, NULL, NULL, NULL, NULL, NOW(), NOW(),
        'planner'),
       ('Planner28', 'planner28@example.com', 'password28', 'NORMAL', false, NULL, NULL, NULL, NULL, NOW(), NOW(),
        'planner'),
       ('Planner29', 'planner29@example.com', 'password29', 'NORMAL', false, NULL, NULL, NULL, NULL, NOW(), NOW(),
        'planner'),
       ('Planner30', 'planner30@example.com', 'password30', 'NORMAL', false, NULL, NULL, NULL, NULL, NOW(), NOW(),
        'planner');

-- 포트폴리오 더미 데이터 (지역 및 가격 수정됨, ID 제외)
INSERT INTO portfolio (planner_id, planner_name, title, location, description, career, partner_company, total_price,
                       contracted_count, average_rating, is_deleted, deleted_at, created_at, last_modified_at)
VALUES (1, 'Planner01', 'Planner01의 웨딩 포트폴리오', '세종', 'Planner01이 진행한 아름다운 웨딩 스토리', '6년차 웨딩 플래너', '파트너사 1', 3487274, 13,
        3.6, false, NULL, '2025-03-23 07:33:46', '2025-03-23 07:33:46'),
       (2, 'Planner02', 'Planner02의 웨딩 포트폴리오', '충남', 'Planner02이 진행한 아름다운 웨딩 스토리', '7년차 웨딩 플래너', '파트너사 2', 885559, 9,
        4.1, false, NULL, '2025-03-23 07:33:46', '2025-03-23 07:33:46'),
       (3, 'Planner03', 'Planner03의 웨딩 포트폴리오', '세종', 'Planner03이 진행한 아름다운 웨딩 스토리', '10년차 웨딩 플래너', '파트너사 3', 640186, 11,
        4.0, false, NULL, '2025-03-23 07:33:46', '2025-03-23 07:33:46'),
       (4, 'Planner04', 'Planner04의 웨딩 포트폴리오', '강원', 'Planner04이 진행한 아름다운 웨딩 스토리', '4년차 웨딩 플래너', '파트너사 4', 6141326, 18,
        4.4, false, NULL, '2025-03-23 07:33:46', '2025-03-23 07:33:46'),
       (5, 'Planner05', 'Planner05의 웨딩 포트폴리오', '인천', 'Planner05이 진행한 아름다운 웨딩 스토리', '5년차 웨딩 플래너', '파트너사 5', 1121848, 5,
        4.5, false, NULL, '2025-03-23 07:33:46', '2025-03-23 07:33:46'),
       (6, 'Planner06', 'Planner06의 웨딩 포트폴리오', '세종', 'Planner06이 진행한 아름다운 웨딩 스토리', '4년차 웨딩 플래너', '파트너사 6', 8294879, 18,
        4.7, false, NULL, '2025-03-23 07:33:46', '2025-03-23 07:33:46'),
       (7, 'Planner07', 'Planner07의 웨딩 포트폴리오', '경남', 'Planner07이 진행한 아름다운 웨딩 스토리', '10년차 웨딩 플래너', '파트너사 7', 9220684, 5,
        4.9, false, NULL, '2025-03-23 07:33:46', '2025-03-23 07:33:46'),
       (8, 'Planner08', 'Planner08의 웨딩 포트폴리오', '광주', 'Planner08이 진행한 아름다운 웨딩 스토리', '8년차 웨딩 플래너', '파트너사 8', 6127511, 11,
        4.1, false, NULL, '2025-03-23 07:33:46', '2025-03-23 07:33:46'),
       (9, 'Planner09', 'Planner09의 웨딩 포트폴리오', '서울', 'Planner09이 진행한 아름다운 웨딩 스토리', '10년차 웨딩 플래너', '파트너사 9', 3803266, 17,
        3.9, false, NULL, '2025-03-23 07:33:46', '2025-03-23 07:33:46'),
       (10, 'Planner10', 'Planner10의 웨딩 포트폴리오', '광주', 'Planner10이 진행한 아름다운 웨딩 스토리', '10년차 웨딩 플래너', '파트너사 10', 4841141,
        15, 4.0, false, NULL, '2025-03-23 07:33:46', '2025-03-23 07:33:46'),
       (11, 'Planner11', 'Planner11의 웨딩 포트폴리오', '광주', 'Planner11이 진행한 아름다운 웨딩 스토리', '10년차 웨딩 플래너', '파트너사 11', 3820781,
        9, 4.9, false, NULL, '2025-03-23 07:33:46', '2025-03-23 07:33:46'),
       (12, 'Planner12', 'Planner12의 웨딩 포트폴리오', '충남', 'Planner12이 진행한 아름다운 웨딩 스토리', '10년차 웨딩 플래너', '파트너사 12', 2014822,
        18, 4.0, false, NULL, '2025-03-23 07:33:46', '2025-03-23 07:33:46'),
       (13, 'Planner13', 'Planner13의 웨딩 포트폴리오', '충남', 'Planner13이 진행한 아름다운 웨딩 스토리', '10년차 웨딩 플래너', '파트너사 13', 2432248,
        10, 5.0, false, NULL, '2025-03-23 07:33:46', '2025-03-23 07:33:46'),
       (14, 'Planner14', 'Planner14의 웨딩 포트폴리오', '충남', 'Planner14이 진행한 아름다운 웨딩 스토리', '6년차 웨딩 플래너', '파트너사 14', 1829152,
        11, 3.9, false, NULL, '2025-03-23 07:33:46', '2025-03-23 07:33:46'),
       (15, 'Planner15', 'Planner15의 웨딩 포트폴리오', '울산', 'Planner15이 진행한 아름다운 웨딩 스토리', '3년차 웨딩 플래너', '파트너사 15', 1706456,
        17, 4.2, false, NULL, '2025-03-23 07:33:46', '2025-03-23 07:33:46'),
       (16, 'Planner16', 'Planner16의 웨딩 포트폴리오', '전남', 'Planner16이 진행한 아름다운 웨딩 스토리', '7년차 웨딩 플래너', '파트너사 16', 4272097, 6,
        4.0, false, NULL, '2025-03-23 07:33:46', '2025-03-23 07:33:46'),
       (17, 'Planner17', 'Planner17의 웨딩 포트폴리오', '광주', 'Planner17이 진행한 아름다운 웨딩 스토리', '6년차 웨딩 플래너', '파트너사 17', 8356795,
        20, 4.5, false, NULL, '2025-03-23 07:33:46', '2025-03-23 07:33:46'),
       (18, 'Planner18', 'Planner18의 웨딩 포트폴리오', '경기', 'Planner18이 진행한 아름다운 웨딩 스토리', '10년차 웨딩 플래너', '파트너사 18', 10244837,
        20, 4.7, false, NULL, '2025-03-23 07:33:46', '2025-03-23 07:33:46'),
       (19, 'Planner19', 'Planner19의 웨딩 포트폴리오', '전남', 'Planner19이 진행한 아름다운 웨딩 스토리', '10년차 웨딩 플래너', '파트너사 19', 5636697,
        12, 4.1, false, NULL, '2025-03-23 07:33:46', '2025-03-23 07:33:46'),
       (20, 'Planner20', 'Planner20의 웨딩 포트폴리오', '인천', 'Planner20이 진행한 아름다운 웨딩 스토리', '7년차 웨딩 플래너', '파트너사 20', 10611331,
        17, 4.4, false, NULL, '2025-03-23 07:33:46', '2025-03-23 07:33:46'),
       (21, 'Planner21', 'Planner21의 웨딩 포트폴리오', '부산', 'Planner21이 진행한 아름다운 웨딩 스토리', '3년차 웨딩 플래너', '파트너사 21', 5324913,
        19, 4.3, false, NULL, '2025-03-23 07:33:46', '2025-03-23 07:33:46'),
       (22, 'Planner22', 'Planner22의 웨딩 포트폴리오', '전북', 'Planner22이 진행한 아름다운 웨딩 스토리', '10년차 웨딩 플래너', '파트너사 22', 42212, 15,
        3.7, false, NULL, '2025-03-23 07:33:46', '2025-03-23 07:33:46'),
       (23, 'Planner23', 'Planner23의 웨딩 포트폴리오', '세종', 'Planner23이 진행한 아름다운 웨딩 스토리', '4년차 웨딩 플래너', '파트너사 23', 3522314,
        19, 3.9, false, NULL, '2025-03-23 07:33:46', '2025-03-23 07:33:46'),
       (24, 'Planner24', 'Planner24의 웨딩 포트폴리오', '경북', 'Planner24이 진행한 아름다운 웨딩 스토리', '7년차 웨딩 플래너', '파트너사 24', 1568539,
        14, 4.4, false, NULL, '2025-03-23 07:33:46', '2025-03-23 07:33:46'),
       (25, 'Planner25', 'Planner25의 웨딩 포트폴리오', '인천', 'Planner25이 진행한 아름다운 웨딩 스토리', '5년차 웨딩 플래너', '파트너사 25', 4337867,
        13, 4.2, false, NULL, '2025-03-23 07:33:46', '2025-03-23 07:33:46'),
       (26, 'Planner26', 'Planner26의 웨딩 포트폴리오', '전북', 'Planner26이 진행한 아름다운 웨딩 스토리', '9년차 웨딩 플래너', '파트너사 26', 5353210, 7,
        4.0, false, NULL, '2025-03-23 07:33:46', '2025-03-23 07:33:46'),
       (27, 'Planner27', 'Planner27의 웨딩 포트폴리오', '세종', 'Planner27이 진행한 아름다운 웨딩 스토리', '9년차 웨딩 플래너', '파트너사 27', 3019472,
        16, 4.2, false, NULL, '2025-03-23 07:33:46', '2025-03-23 07:33:46'),
       (28, 'Planner28', 'Planner28의 웨딩 포트폴리오', '충남', 'Planner28이 진행한 아름다운 웨딩 스토리', '9년차 웨딩 플래너', '파트너사 28', 1149062,
        17, 4.7, false, NULL, '2025-03-23 07:33:46', '2025-03-23 07:33:46'),
       (29, 'Planner29', 'Planner29의 웨딩 포트폴리오', '대전', 'Planner29이 진행한 아름다운 웨딩 스토리', '5년차 웨딩 플래너', '파트너사 29', 2564492,
        15, 4.2, false, NULL, '2025-03-23 07:33:46', '2025-03-23 07:33:46'),
       (30, 'Planner30', 'Planner30의 웨딩 포트폴리오', '울산', 'Planner30이 진행한 아름다운 웨딩 스토리', '6년차 웨딩 플래너', '파트너사 30', 7523106,
        18, 3.8, false, NULL, '2025-03-23 07:33:46', '2025-03-23 07:33:46');

-- 포트폴리오 이미지 더미 데이터 (ID 제외)
INSERT INTO portfolio_image (portfolio_id, file_name, file_url, is_thumbnail, created_at, last_modified_at)
VALUES (1, 'image1_1.jpg', 'https://example.com/image1_1.jpg', true, '2025-03-23 07:33:46', '2025-03-23 07:33:46'),
       (1, 'image1_2.jpg', 'https://example.com/image1_2.jpg', false, '2025-03-23 07:33:46', '2025-03-23 07:33:46'),
       (2, 'image2_1.jpg', 'https://example.com/image2_1.jpg', true, '2025-03-23 07:33:46', '2025-03-23 07:33:46'),
       (2, 'image2_2.jpg', 'https://example.com/image2_2.jpg', false, '2025-03-23 07:33:46', '2025-03-23 07:33:46'),
       (3, 'image3_1.jpg', 'https://example.com/image3_1.jpg', true, '2025-03-23 07:33:46', '2025-03-23 07:33:46'),
       (3, 'image3_2.jpg', 'https://example.com/image3_2.jpg', false, '2025-03-23 07:33:46', '2025-03-23 07:33:46'),
       (4, 'image4_1.jpg', 'https://example.com/image4_1.jpg', true, '2025-03-23 07:33:46', '2025-03-23 07:33:46'),
       (4, 'image4_2.jpg', 'https://example.com/image4_2.jpg', false, '2025-03-23 07:33:46', '2025-03-23 07:33:46'),
       (5, 'image5_1.jpg', 'https://example.com/image5_1.jpg', true, '2025-03-23 07:33:46', '2025-03-23 07:33:46'),
       (5, 'image5_2.jpg', 'https://example.com/image5_2.jpg', false, '2025-03-23 07:33:46', '2025-03-23 07:33:46'),
       (6, 'image6_1.jpg', 'https://example.com/image6_1.jpg', true, '2025-03-23 07:33:46', '2025-03-23 07:33:46'),
       (6, 'image6_2.jpg', 'https://example.com/image6_2.jpg', false, '2025-03-23 07:33:46', '2025-03-23 07:33:46'),
       (7, 'image7_1.jpg', 'https://example.com/image7_1.jpg', true, '2025-03-23 07:33:46', '2025-03-23 07:33:46'),
       (7, 'image7_2.jpg', 'https://example.com/image7_2.jpg', false, '2025-03-23 07:33:46', '2025-03-23 07:33:46'),
       (8, 'image8_1.jpg', 'https://example.com/image8_1.jpg', true, '2025-03-23 07:33:46', '2025-03-23 07:33:46'),
       (8, 'image8_2.jpg', 'https://example.com/image8_2.jpg', false, '2025-03-23 07:33:46', '2025-03-23 07:33:46'),
       (9, 'image9_1.jpg', 'https://example.com/image9_1.jpg', true, '2025-03-23 07:33:46', '2025-03-23 07:33:46'),
       (9, 'image9_2.jpg', 'https://example.com/image9_2.jpg', false, '2025-03-23 07:33:46', '2025-03-23 07:33:46'),
       (10, 'image10_1.jpg', 'https://example.com/image10_1.jpg', true, '2025-03-23 07:33:46', '2025-03-23 07:33:46'),
       (10, 'image10_2.jpg', 'https://example.com/image10_2.jpg', false, '2025-03-23 07:33:46', '2025-03-23 07:33:46'),
       (11, 'image11_1.jpg', 'https://example.com/image11_1.jpg', true, '2025-03-23 07:33:46', '2025-03-23 07:33:46'),
       (11, 'image11_2.jpg', 'https://example.com/image11_2.jpg', false, '2025-03-23 07:33:46', '2025-03-23 07:33:46'),
       (12, 'image12_1.jpg', 'https://example.com/image12_1.jpg', true, '2025-03-23 07:33:46', '2025-03-23 07:33:46'),
       (12, 'image12_2.jpg', 'https://example.com/image12_2.jpg', false, '2025-03-23 07:33:46', '2025-03-23 07:33:46'),
       (13, 'image13_1.jpg', 'https://example.com/image13_1.jpg', true, '2025-03-23 07:33:46', '2025-03-23 07:33:46'),
       (13, 'image13_2.jpg', 'https://example.com/image13_2.jpg', false, '2025-03-23 07:33:46', '2025-03-23 07:33:46'),
       (14, 'image14_1.jpg', 'https://example.com/image14_1.jpg', true, '2025-03-23 07:33:46', '2025-03-23 07:33:46'),
       (14, 'image14_2.jpg', 'https://example.com/image14_2.jpg', false, '2025-03-23 07:33:46', '2025-03-23 07:33:46'),
       (15, 'image15_1.jpg', 'https://example.com/image15_1.jpg', true, '2025-03-23 07:33:46', '2025-03-23 07:33:46'),
       (15, 'image15_2.jpg', 'https://example.com/image15_2.jpg', false, '2025-03-23 07:33:46', '2025-03-23 07:33:46'),
       (16, 'image16_1.jpg', 'https://example.com/image16_1.jpg', true, '2025-03-23 07:33:46', '2025-03-23 07:33:46'),
       (16, 'image16_2.jpg', 'https://example.com/image16_2.jpg', false, '2025-03-23 07:33:46', '2025-03-23 07:33:46'),
       (17, 'image17_1.jpg', 'https://example.com/image17_1.jpg', true, '2025-03-23 07:33:46', '2025-03-23 07:33:46'),
       (17, 'image17_2.jpg', 'https://example.com/image17_2.jpg', false, '2025-03-23 07:33:46', '2025-03-23 07:33:46'),
       (18, 'image18_1.jpg', 'https://example.com/image18_1.jpg', true, '2025-03-23 07:33:46', '2025-03-23 07:33:46'),
       (18, 'image18_2.jpg', 'https://example.com/image18_2.jpg', false, '2025-03-23 07:33:46', '2025-03-23 07:33:46'),
       (19, 'image19_1.jpg', 'https://example.com/image19_1.jpg', true, '2025-03-23 07:33:46', '2025-03-23 07:33:46'),
       (19, 'image19_2.jpg', 'https://example.com/image19_2.jpg', false, '2025-03-23 07:33:46', '2025-03-23 07:33:46'),
       (20, 'image20_1.jpg', 'https://example.com/image20_1.jpg', true, '2025-03-23 07:33:46', '2025-03-23 07:33:46'),
       (20, 'image20_2.jpg', 'https://example.com/image20_2.jpg', false, '2025-03-23 07:33:46', '2025-03-23 07:33:46'),
       (21, 'image21_1.jpg', 'https://example.com/image21_1.jpg', true, '2025-03-23 07:33:46', '2025-03-23 07:33:46'),
       (21, 'image21_2.jpg', 'https://example.com/image21_2.jpg', false, '2025-03-23 07:33:46', '2025-03-23 07:33:46'),
       (22, 'image22_1.jpg', 'https://example.com/image22_1.jpg', true, '2025-03-23 07:33:46', '2025-03-23 07:33:46'),
       (22, 'image22_2.jpg', 'https://example.com/image22_2.jpg', false, '2025-03-23 07:33:46', '2025-03-23 07:33:46'),
       (23, 'image23_1.jpg', 'https://example.com/image23_1.jpg', true, '2025-03-23 07:33:46', '2025-03-23 07:33:46'),
       (23, 'image23_2.jpg', 'https://example.com/image23_2.jpg', false, '2025-03-23 07:33:46', '2025-03-23 07:33:46'),
       (24, 'image24_1.jpg', 'https://example.com/image24_1.jpg', true, '2025-03-23 07:33:46', '2025-03-23 07:33:46'),
       (24, 'image24_2.jpg', 'https://example.com/image24_2.jpg', false, '2025-03-23 07:33:46', '2025-03-23 07:33:46'),
       (25, 'image25_1.jpg', 'https://example.com/image25_1.jpg', true, '2025-03-23 07:33:46', '2025-03-23 07:33:46'),
       (25, 'image25_2.jpg', 'https://example.com/image25_2.jpg', false, '2025-03-23 07:33:46', '2025-03-23 07:33:46'),
       (26, 'image26_1.jpg', 'https://example.com/image26_1.jpg', true, '2025-03-23 07:33:46', '2025-03-23 07:33:46'),
       (26, 'image26_2.jpg', 'https://example.com/image26_2.jpg', false, '2025-03-23 07:33:46', '2025-03-23 07:33:46'),
       (27, 'image27_1.jpg', 'https://example.com/image27_1.jpg', true, '2025-03-23 07:33:46', '2025-03-23 07:33:46'),
       (27, 'image27_2.jpg', 'https://example.com/image27_2.jpg', false, '2025-03-23 07:33:46', '2025-03-23 07:33:46'),
       (28, 'image28_1.jpg', 'https://example.com/image28_1.jpg', true, '2025-03-23 07:33:46', '2025-03-23 07:33:46'),
       (28, 'image28_2.jpg', 'https://example.com/image28_2.jpg', false, '2025-03-23 07:33:46', '2025-03-23 07:33:46'),
       (29, 'image29_1.jpg', 'https://example.com/image29_1.jpg', true, '2025-03-23 07:33:46', '2025-03-23 07:33:46'),
       (29, 'image29_2.jpg', 'https://example.com/image29_2.jpg', false, '2025-03-23 07:33:46', '2025-03-23 07:33:46'),
       (30, 'image30_1.jpg', 'https://example.com/image30_1.jpg', true, '2025-03-23 07:33:46', '2025-03-23 07:33:46'),
       (30, 'image30_2.jpg', 'https://example.com/image30_2.jpg', false, '2025-03-23 07:33:46', '2025-03-23 07:33:46');

-- 포트폴리오 아이템 더미 데이터 (ID 제외)
INSERT INTO portfolio_item (portfolio_id, item_name, item_price, created_at, last_modified_at)
VALUES (1, '상품1', 164235, '2025-03-23 07:33:46', '2025-03-23 07:33:46'),
       (1, '상품2', 274759, '2025-03-23 07:33:46', '2025-03-23 07:33:46'),
       (2, '상품1', 291176, '2025-03-23 07:33:46', '2025-03-23 07:33:46'),
       (2, '상품2', 117595, '2025-03-23 07:33:46', '2025-03-23 07:33:46'),
       (3, '상품1', 499717, '2025-03-23 07:33:46', '2025-03-23 07:33:46'),
       (3, '상품2', 235773, '2025-03-23 07:33:46', '2025-03-23 07:33:46'),
       (4, '상품1', 133406, '2025-03-23 07:33:46', '2025-03-23 07:33:46'),
       (4, '상품2', 234323, '2025-03-23 07:33:46', '2025-03-23 07:33:46'),
       (5, '상품1', 207177, '2025-03-23 07:33:46', '2025-03-23 07:33:46'),
       (5, '상품2', 169975, '2025-03-23 07:33:46', '2025-03-23 07:33:46'),
       (6, '상품1', 313980, '2025-03-23 07:33:46', '2025-03-23 07:33:46'),
       (6, '상품2', 447670, '2025-03-23 07:33:46', '2025-03-23 07:33:46'),
       (7, '상품1', 280386, '2025-03-23 07:33:46', '2025-03-23 07:33:46'),
       (7, '상품2', 321308, '2025-03-23 07:33:46', '2025-03-23 07:33:46'),
       (8, '상품1', 122045, '2025-03-23 07:33:46', '2025-03-23 07:33:46'),
       (8, '상품2', 209124, '2025-03-23 07:33:46', '2025-03-23 07:33:46'),
       (9, '상품1', 216240, '2025-03-23 07:33:46', '2025-03-23 07:33:46'),
       (9, '상품2', 331681, '2025-03-23 07:33:46', '2025-03-23 07:33:46'),
       (10, '상품1', 324341, '2025-03-23 07:33:46', '2025-03-23 07:33:46'),
       (10, '상품2', 366321, '2025-03-23 07:33:46', '2025-03-23 07:33:46'),
       (11, '상품1', 267498, '2025-03-23 07:33:46', '2025-03-23 07:33:46'),
       (11, '상품2', 245992, '2025-03-23 07:33:46', '2025-03-23 07:33:46'),
       (12, '상품1', 417658, '2025-03-23 07:33:46', '2025-03-23 07:33:46'),
       (12, '상품2', 377101, '2025-03-23 07:33:46', '2025-03-23 07:33:46'),
       (13, '상품1', 260242, '2025-03-23 07:33:46', '2025-03-23 07:33:46'),
       (13, '상품2', 193381, '2025-03-23 07:33:46', '2025-03-23 07:33:46'),
       (14, '상품1', 488099, '2025-03-23 07:33:46', '2025-03-23 07:33:46'),
       (14, '상품2', 346797, '2025-03-23 07:33:46', '2025-03-23 07:33:46'),
       (15, '상품1', 382480, '2025-03-23 07:33:46', '2025-03-23 07:33:46'),
       (15, '상품2', 348295, '2025-03-23 07:33:46', '2025-03-23 07:33:46'),
       (16, '상품1', 212206, '2025-03-23 07:33:46', '2025-03-23 07:33:46'),
       (16, '상품2', 477821, '2025-03-23 07:33:46', '2025-03-23 07:33:46'),
       (17, '상품1', 201930, '2025-03-23 07:33:46', '2025-03-23 07:33:46'),
       (17, '상품2', 430516, '2025-03-23 07:33:46', '2025-03-23 07:33:46'),
       (18, '상품1', 214970, '2025-03-23 07:33:46', '2025-03-23 07:33:46'),
       (18, '상품2', 438022, '2025-03-23 07:33:46', '2025-03-23 07:33:46'),
       (19, '상품1', 221184, '2025-03-23 07:33:46', '2025-03-23 07:33:46'),
       (19, '상품2', 345475, '2025-03-23 07:33:46', '2025-03-23 07:33:46'),
       (20, '상품1', 252881, '2025-03-23 07:33:46', '2025-03-23 07:33:46'),
       (20, '상품2', 360123, '2025-03-23 07:33:46', '2025-03-23 07:33:46'),
       (21, '상품1', 406965, '2025-03-23 07:33:46', '2025-03-23 07:33:46'),
       (21, '상품2', 342681, '2025-03-23 07:33:46', '2025-03-23 07:33:46'),
       (22, '상품1', 247513, '2025-03-23 07:33:46', '2025-03-23 07:33:46'),
       (22, '상품2', 280282, '2025-03-23 07:33:46', '2025-03-23 07:33:46'),
       (23, '상품1', 199067, '2025-03-23 07:33:46', '2025-03-23 07:33:46'),
       (23, '상품2', 100236, '2025-03-23 07:33:46', '2025-03-23 07:33:46'),
       (24, '상품1', 141901, '2025-03-23 07:33:46', '2025-03-23 07:33:46'),
       (24, '상품2', 168465, '2025-03-23 07:33:46', '2025-03-23 07:33:46'),
       (25, '상품1', 469573, '2025-03-23 07:33:46', '2025-03-23 07:33:46'),
       (25, '상품2', 440004, '2025-03-23 07:33:46', '2025-03-23 07:33:46'),
       (26, '상품1', 173717, '2025-03-23 07:33:46', '2025-03-23 07:33:46'),
       (26, '상품2', 312526, '2025-03-23 07:33:46', '2025-03-23 07:33:46'),
       (27, '상품1', 164141, '2025-03-23 07:33:46', '2025-03-23 07:33:46'),
       (27, '상품2', 423356, '2025-03-23 07:33:46', '2025-03-23 07:33:46'),
       (28, '상품1', 428828, '2025-03-23 07:33:46', '2025-03-23 07:33:46'),
       (28, '상품2', 145024, '2025-03-23 07:33:46', '2025-03-23 07:33:46'),
       (29, '상품1', 347644, '2025-03-23 07:33:46', '2025-03-23 07:33:46'),
       (29, '상품2', 178188, '2025-03-23 07:33:46', '2025-03-23 07:33:46'),
       (30, '상품1', 493832, '2025-03-23 07:33:46', '2025-03-23 07:33:46'),
       (30, '상품2', 438917, '2025-03-23 07:33:46', '2025-03-23 07:33:46');
